ic_mean,ic_std,ic_ir,rank_ic_mean,rank_ic_std,rank_ic_ret_mean,rank_ic_ret_std,score_rank_ic_mean,score_rank_ic_std,spread_mean,directional_accuracy,top_k_precision,annualized_return,sharpe_ratio,sortino_ratio,max_drawdown,hit_ratio,annualized_turnover,calmar_ratio,variant
0.018907467228728294,0.1523415951019019,0.12411230153496818,0.014021765012542507,0.14541275663660558,0.015636039942351094,0.14775563963712002,0.015636039942351094,0.14775563963712002,0.0023555486351304394,0.37940387052822244,0.5094339622641509,0.5790323064494787,1.4874167282544588,2.617190668589863,-0.6497693664487222,0.5212264150943396,83.9801886792453,0.891135112605871,full_saved
0.02201604669931639,0.17974280989444708,0.1224863764363171,-0.011256384828516373,0.16111236011243701,0.020057983587956876,0.17395415672697825,0.020057983587956876,0.17395415672697825,0.00240608840976474,0.3967412913473493,0.4994103773584906,0.6587877240724993,1.4797485564812838,2.188539491729456,-0.6305560490629597,0.5330188679245284,66.98207547169811,1.0447726488450422,no_ranking_loss
0.019015816003275596,0.14679906982569862,0.1295363433194129,0.01870267197074903,0.1490777817619252,0.019112616445362978,0.14262298481969019,0.019112616445362978,0.14262298481969019,0.0025383266570834047,0.39116409078220576,0.5148584905660377,0.006722768656842071,0.19349391584060388,0.2536264313080856,-0.7806267538300521,0.5306603773584906,74.88679245283019,0.008612014048631395,temporal_only
-0.0025530348660115693,0.14659925895330375,-0.017415058644151816,0.006521366336027971,0.14386768928182941,0.0013709122935764517,0.1457141214566777,0.0013709122935764517,0.1457141214566777,0.0004955501145975675,0.38969509538235275,0.4965801886792453,-0.038794635159954294,0.06359493932766248,0.10158092377562881,-0.7418187968843489,0.48702830188679247,90.87452830188681,-0.0522966454879897,no_pretrain
0.00853832916901936,0.15743761402401715,0.05423309213378903,0.006865488324213819,0.15133951324729242,0.008460744710102823,0.15365105599950182,0.008460744710102823,0.15365105599950182,0.0014215724240360854,0.37553435528964135,0.5186320754716981,-0.24908041339126963,-0.5624768574225413,-0.858156703126365,-0.8143035022635509,0.4964622641509434,79.40377358490565,-0.3058815412681829,no_regime
