ic_mean,ic_std,ic_ir,rank_ic_mean,rank_ic_std,rank_ic_ret_mean,rank_ic_ret_std,score_rank_ic_mean,score_rank_ic_std,spread_mean,directional_accuracy,top_k_precision,annualized_return,sharpe_ratio,sortino_ratio,max_drawdown,hit_ratio,annualized_turnover,calmar_ratio,variant
0.018907467228728294,0.1523415951019019,0.12411230153496818,0.014021765012542507,0.14541275663660558,0.015636039942351094,0.14775563963712002,0.015636039942351094,0.14775563963712002,0.0023555486351304394,0.37940387052822244,0.5094339622641509,0.5790323064494787,1.4874167282544588,2.617190668589863,-0.6497693664487222,0.5212264150943396,83.9801886792453,0.891135112605871,full_saved
0.029046747245037616,0.1253442906977496,0.23173568389902163,0.022529584735845133,0.10730576254263903,0.022529584735845133,0.10730576254263903,0.022529584735845133,0.10730576254263903,0.003855592449345634,0.3549131139374311,0.5162735849056604,0.6004874142529306,1.6491155806633506,2.797599236794447,-0.4557034521673614,0.5330188679245284,108.34811320754717,1.317715277818969,mlp
0.013718536934517267,0.15307945935517653,0.08961709230051863,0.00776504418981905,0.1397973816645098,0.00776504418981905,0.1397973816645098,0.00776504418981905,0.1397973816645098,0.001608654667453843,0.34629262693204127,0.5015330188679246,0.06779830181053192,0.36334491074673847,0.5815228228943614,-0.6365710234242952,0.49410377358490565,75.54056603773584,0.10650547739476257,ridge
0.02819320810373536,0.15948998237663958,0.17677101668646644,0.015615977878612517,0.12639034962118145,0.015615977878612517,0.12639034962118145,0.015615977878612517,0.12639034962118145,0.0033134601182286012,0.35279268663557956,0.5137971698113208,-0.00744564992079344,0.15399150627470262,0.2227543156317631,-0.6731922233002429,0.5082547169811321,76.66981132075472,-0.01106021363956035,hist_gbm
