{
  "best_score_col": {
    "score_col": "pred_rank",
    "ic_mean": 0.018907467228728294,
    "ic_std": 0.1523415951019019,
    "ic_ir": 0.12411230153496818,
    "rank_ic_mean": 0.014021765012542507,
    "rank_ic_std": 0.14541275663660558,
    "rank_ic_ret_mean": 0.015636039942351094,
    "rank_ic_ret_std": 0.14775563963712002,
    "score_rank_ic_mean": 0.014021765012542507,
    "score_rank_ic_std": 0.14541275663660558,
    "spread_mean": 0.002477713490835296,
    "directional_accuracy": 0.37940387052822244,
    "top_k_precision": 0.5079009433962264,
    "annualized_return": 0.9092917603573376,
    "sharpe_ratio": 2.0476027771932044,
    "sortino_ratio": 3.746182470669178,
    "max_drawdown": -0.6526546107579796,
    "hit_ratio": 0.5212264150943396,
    "annualized_turnover": 84.03962264150945,
    "calmar_ratio": 1.393220443764429
  },
  "best_top_k": {
    "score_col": "pred_rank",
    "top_k": 10,
    "ic_mean": 0.018907467228728294,
    "ic_std": 0.1523415951019019,
    "ic_ir": 0.12411230153496818,
    "rank_ic_mean": 0.014021765012542507,
    "rank_ic_std": 0.14541275663660558,
    "rank_ic_ret_mean": 0.015636039942351094,
    "rank_ic_ret_std": 0.14775563963712002,
    "score_rank_ic_mean": 0.014021765012542507,
    "score_rank_ic_std": 0.14541275663660558,
    "spread_mean": 0.002477713490835296,
    "directional_accuracy": 0.37940387052822244,
    "top_k_precision": 0.5079009433962264,
    "annualized_return": 0.9092917603573376,
    "sharpe_ratio": 2.0476027771932044,
    "sortino_ratio": 3.746182470669178,
    "max_drawdown": -0.6526546107579796,
    "hit_ratio": 0.5212264150943396,
    "annualized_turnover": 84.03962264150945,
    "calmar_ratio": 1.393220443764429
  },
  "cost_sensitivity": [
    {
      "transaction_cost_bps": 0,
      "ic_mean": 0.018907467228728294,
      "ic_std": 0.1523415951019019,
      "ic_ir": 0.12411230153496818,
      "rank_ic_mean": 0.014021765012542507,
      "rank_ic_std": 0.14541275663660558,
      "rank_ic_ret_mean": 0.015636039942351094,
      "rank_ic_ret_std": 0.14775563963712002,
      "score_rank_ic_mean": 0.015636039942351094,
      "score_rank_ic_std": 0.14775563963712002,
      "spread_mean": 0.0023555486351304394,
      "directional_accuracy": 0.37940387052822244,
      "top_k_precision": 0.5094339622641509,
      "annualized_return": 0.7171448730930476,
      "sharpe_ratio": 1.7290492885780016,
      "sortino_ratio": 3.0554557713460593,
      "max_drawdown": -0.6233106890857638,
      "hit_ratio": 0.527122641509434,
      "annualized_turnover": 83.9801886792453,
      "calmar_ratio": 1.1505415744425924
    },
    {
      "transaction_cost_bps": 5,
      "ic_mean": 0.018907467228728294,
      "ic_std": 0.1523415951019019,
      "ic_ir": 0.12411230153496818,
      "rank_ic_mean": 0.014021765012542507,
      "rank_ic_std": 0.14541275663660558,
      "rank_ic_ret_mean": 0.015636039942351094,
      "rank_ic_ret_std": 0.14775563963712002,
      "score_rank_ic_mean": 0.015636039942351094,
      "score_rank_ic_std": 0.14775563963712002,
      "spread_mean": 0.0023555486351304394,
      "directional_accuracy": 0.37940387052822244,
      "top_k_precision": 0.5094339622641509,
      "annualized_return": 0.646670230617433,
      "sharpe_ratio": 1.6084119199899347,
      "sortino_ratio": 2.8399094552676494,
      "max_drawdown": -0.6367754389923748,
      "hit_ratio": 0.5259433962264151,
      "annualized_turnover": 83.9801886792453,
      "calmar_ratio": 1.0155388868096527
    },
    {
      "transaction_cost_bps": 10,
      "ic_mean": 0.018907467228728294,
      "ic_std": 0.1523415951019019,
      "ic_ir": 0.12411230153496818,
      "rank_ic_mean": 0.014021765012542507,
      "rank_ic_std": 0.14541275663660558,
      "rank_ic_ret_mean": 0.015636039942351094,
      "rank_ic_ret_std": 0.14775563963712002,
      "score_rank_ic_mean": 0.015636039942351094,
      "score_rank_ic_std": 0.14775563963712002,
      "spread_mean": 0.0023555486351304394,
      "directional_accuracy": 0.37940387052822244,
      "top_k_precision": 0.5094339622641509,
      "annualized_return": 0.5790323064494787,
      "sharpe_ratio": 1.4874167282544588,
      "sortino_ratio": 2.617190668589863,
      "max_drawdown": -0.6497693664487222,
      "hit_ratio": 0.5212264150943396,
      "annualized_turnover": 83.9801886792453,
      "calmar_ratio": 0.891135112605871
    },
    {
      "transaction_cost_bps": 20,
      "ic_mean": 0.018907467228728294,
      "ic_std": 0.1523415951019019,
      "ic_ir": 0.12411230153496818,
      "rank_ic_mean": 0.014021765012542507,
      "rank_ic_std": 0.14541275663660558,
      "rank_ic_ret_mean": 0.015636039942351094,
      "rank_ic_ret_std": 0.14775563963712002,
      "score_rank_ic_mean": 0.015636039942351094,
      "score_rank_ic_std": 0.14775563963712002,
      "spread_mean": 0.0023555486351304394,
      "directional_accuracy": 0.37940387052822244,
      "top_k_precision": 0.5094339622641509,
      "annualized_return": 0.4518231681629885,
      "sharpe_ratio": 1.244695139685007,
      "sortino_ratio": 2.176182243726588,
      "max_drawdown": -0.6748969716599424,
      "hit_ratio": 0.5117924528301887,
      "annualized_turnover": 83.9801886792453,
      "calmar_ratio": 0.6694698308647152
    }
  ],
  "rebalance_sensitivity": [
    {
      "rebalance_frequency": "D",
      "ic_mean": 0.018907467228728294,
      "ic_std": 0.1523415951019019,
      "ic_ir": 0.12411230153496818,
      "rank_ic_mean": 0.014021765012542507,
      "rank_ic_std": 0.14541275663660558,
      "rank_ic_ret_mean": 0.015636039942351094,
      "rank_ic_ret_std": 0.14775563963712002,
      "score_rank_ic_mean": 0.015636039942351094,
      "score_rank_ic_std": 0.14775563963712002,
      "spread_mean": 0.0023555486351304394,
      "directional_accuracy": 0.37940387052822244,
      "top_k_precision": 0.5094339622641509,
      "annualized_return": 0.6555988031135096,
      "sharpe_ratio": 1.6470462961766785,
      "sortino_ratio": 2.8280483880567266,
      "max_drawdown": -0.6844030155734685,
      "hit_ratio": 0.5306603773584906,
      "annualized_turnover": 123.32547169811322,
      "calmar_ratio": 0.95791336188816
    },
    {
      "rebalance_frequency": "W-FRI",
      "ic_mean": 0.018907467228728294,
      "ic_std": 0.1523415951019019,
      "ic_ir": 0.12411230153496818,
      "rank_ic_mean": 0.014021765012542507,
      "rank_ic_std": 0.14541275663660558,
      "rank_ic_ret_mean": 0.015636039942351094,
      "rank_ic_ret_std": 0.14775563963712002,
      "score_rank_ic_mean": 0.015636039942351094,
      "score_rank_ic_std": 0.14775563963712002,
      "spread_mean": 0.0023555486351304394,
      "directional_accuracy": 0.37940387052822244,
      "top_k_precision": 0.5094339622641509,
      "annualized_return": 0.5790323064494787,
      "sharpe_ratio": 1.4874167282544588,
      "sortino_ratio": 2.617190668589863,
      "max_drawdown": -0.6497693664487222,
      "hit_ratio": 0.5212264150943396,
      "annualized_turnover": 83.9801886792453,
      "calmar_ratio": 0.891135112605871
    },
    {
      "rebalance_frequency": "2W",
      "ic_mean": 0.018907467228728294,
      "ic_std": 0.1523415951019019,
      "ic_ir": 0.12411230153496818,
      "rank_ic_mean": 0.014021765012542507,
      "rank_ic_std": 0.14541275663660558,
      "rank_ic_ret_mean": 0.015636039942351094,
      "rank_ic_ret_std": 0.14775563963712002,
      "score_rank_ic_mean": 0.015636039942351094,
      "score_rank_ic_std": 0.14775563963712002,
      "spread_mean": 0.0023555486351304394,
      "directional_accuracy": 0.37940387052822244,
      "top_k_precision": 0.5094339622641509,
      "annualized_return": 0.5790323064494787,
      "sharpe_ratio": 1.4874167282544588,
      "sortino_ratio": 2.617190668589863,
      "max_drawdown": -0.6497693664487222,
      "hit_ratio": 0.5212264150943396,
      "annualized_turnover": 83.9801886792453,
      "calmar_ratio": 0.891135112605871
    },
    {
      "rebalance_frequency": "M",
      "ic_mean": 0.018907467228728294,